NO,개설부서,교과목-분반,교과목명,이수구분,세부분류,교과연구,담당교수,"과정
구분",강/실/학,시간표,강의실,"수강
정원","강의
계획서","설명
영상",강의언어
1,AI융합 부전공,AI2002-01,디지털 유니버스 콜로퀴움,필수,,교과,황치옥[60934],학사,1/0/1,목 16:00~17:00,,50,view,,English/Korean
2,AI융합 부전공,AI3050-01,프로그래밍 언어 및 컴파일러,선택,,교과,소순범[64560],학사,3/0/3,"월 16:00~17:30
수 16:00~17:30",전기전자컴퓨터공학부B(B201),29,view,,English
3,AI융합 부전공,AI3301-01,(MOOC 지정) 인공지능 로봇의 윤리,선택,,교과,김건우[61974],학사,3/0/3,"월 09:00~10:30
수 09:00~10:30",,20,view,,Korean
4,AI융합 부전공,AI4001-01,AI 핵심기술 기반 실무 프로젝트 2,필수,,교과,공득조[62553],학사,1/4/3,금 13:00~18:00,금호정보통신연구동(금호관)(201),20,view,,Korean
5,AI융합 부전공,AI4003-01,인공지능 경험 랩,선택,,교과,김의환[64023],학사,1/4/3,"월 16:00~18:30
수 16:00~18:30",,0,view,,English
6,AI융합 부전공,AI4021-01,기계학습 및 딥러닝,필수,,교과,김선동[64338],학사,3/0/3,"월 13:00~14:30
수 13:00~14:30",,80,view,,English
7,AI융합 부전공,AI4450-01,지능형 모터 융합 프로젝트,선택,,교과,허필원[63766],학사,2/2/3,금 13:00~17:00,기계공학부(228),0,view,,English
8,생명과학부,BS2103-01,생화학·분자생물학 실험,필수,,교과,"김영준[60665]
김준영[61444]
진석원[61956]",학사,1/4/3,화 13:00~18:00,,12,view,,English/Korean
9,생명과학부,BS2103-02,생화학·분자생물학 실험,필수,,교과,"김영준[60665]
김준영[61444]
진석원[61956]",학사,1/4/3,금 13:00~18:00,,10,view,,English/Korean
10,생명과학부,BS2104-01,생화학 I,필수,,교과,"박철승[01096]
엄수현[01123]
이선재[63721]",학사,3/0/3,"월 10:30~12:00
수 10:30~12:00",생명과학부(BT포함)(121),0,view,,English
11,생명과학부,BS2201-01,생명과학의 정량적 이해,선택,,교과,엄수현[01123],학사,2/0/2,목 14:00~16:00,생명과학부(BT포함)(326),0,view,,English
12,생명과학부,BS2202-01,유전학,선택,,교과,진석원[61956],학사,3/0/3,"월 13:00~14:30
수 13:00~14:30",생명과학부(BT포함)(223),0,view,,English
13,생명과학부,BS2204-01,기초 해부조직학,선택,,교과,남정석[62330],학사,3/0/3,"화 09:00~10:30
목 09:00~10:30",실험동물자원센터(111),0,view,,English/Korean
14,생명과학부,BS2205-01,생명정보학 개론,선택,,교과,이선재[63721],학사,3/0/3,"화 10:30~12:00
목 10:30~12:00",생명과학부(BT포함)(223),0,view,,English/Korean
15,생명과학부,BS3101-01,생화학 II,필수,,교과,허윤현[63163],학사,3/0/3,"월 16:00~17:30
수 16:00~17:30",,30,view,,English
16,생명과학부,BS3201-01,미생물학,선택,,교과,박대호[30565],학사,3/0/3,"화 09:00~10:30
목 09:00~10:30",생명과학부(BT포함)(428),0,view,,English
17,생명과학부,BS3205-01,환경생태학,선택,,교과,김은석[61667],학사,3/0/3,"화 13:00~14:30
목 13:00~14:30",삼성환경연구동(211),0,view,,English
18,생명과학부,BS3208-01,면역학,선택,,교과,최진욱[64206],학사,3/0/3,"화 10:30~12:00
목 10:30~12:00",생명과학부(BT포함)(428),0,view,,English
19,생명과학부,BS4217-01,생리학 Ⅱ,선택,,교과,박우진[01100],학사,3/0/3,"화 10:30~12:00
목 10:30~12:00",생명과학부(BT포함)(326),0,view,,English
20,생명과학부,BS9102-01,학사논문연구 I,연구,,논문연구,,학사,0/0/3,,,0,view,,
21,생명과학부,BS9103-01,학사논문연구 II,연구,,논문연구,,학사,0/0/3,,,0,view,,
22,화학과,CH2104-01,물리화학 B,필수,,교과,방윤수[61199],학사,3/0/3,"화 09:00~10:30
목 09:00~10:30",,0,view,,English
23,화학과,CH2105-01,화학합성실험,필수,,교과,"서준혁[62856]
정원진[61972]
함혜진[62758]",학사,1/4/3,"월 19:00~20:00
화 13:00~17:00",,20,view,,English
24,화학과,CH2201-01,유기화학 II,선택,,교과,안진희[62296],학사,3/0/3,"월 10:30~12:00
수 10:30~12:00",,0,view,,English
25,화학과,CH2401-01,화학전공연구 I,선택,,교과,"김민곤[61317]
김정욱[62297]
김현우[64144]
박정은[64143]
박진주[60957]
방윤수[61199]
서준혁[62856]
서지원[60955]
안진희[62296]
이강택[61665]
이호재[61770]
임현섭[63380]
정원진[61972]
한민수[62071]",학사,0/3/1,일 09:00~12:00,,0,view,,English/Korean
26,화학과,CH3205-01,물리유기화학,선택,,교과,한민수[62071],학사,3/0/3,"월 10:30~12:00
수 10:30~12:00",,0,view,,English
27,화학과,CH3401-01,화학전공연구 Ⅱ,선택,,교과,"김민곤[61317]
김정욱[62297]
김현우[64144]
박정은[64143]
박진주[60957]
방윤수[61199]
서준혁[62856]
서지원[60955]
안진희[62296]
이강택[61665]
이호재[61770]
임현섭[63380]
정원진[61972]
한민수[62071]",학사,0/3/1,일 13:00~16:00,,0,view,,English/Korean
28,화학과,CH3402-01,화학전공연구 III,선택,,교과,"김민곤[61317]
김정욱[62297]
김현우[64144]
박정은[64143]
박진주[60957]
방윤수[61199]
서준혁[62856]
서지원[60955]
안진희[62296]
이강택[61665]
이호재[61770]
임현섭[63380]
정원진[61972]
한민수[62071]",학사,0/3/1,일 09:00~12:00,,0,view,,English/Korean
29,화학과,CH4205-01,생유기화학과 바이오의약품,선택,,교과,서지원[60955],학사,3/0/3,"화 09:00~10:30
목 09:00~10:30",,0,view,,English
30,화학과,CH4208-01,무기화학 II,선택,,교과,서준혁[62856],학사,3/0/3,"월 13:00~14:30
수 13:00~14:30",,0,view,,English/Korean
31,화학과,CH4213-01,기기분석,선택,,교과,임현섭[63380],학사,3/0/3,"월 10:30~12:00
수 10:30~12:00",,0,view,,English
32,화학과,CH4219-01,생화학 II,선택,,교과,김정욱[62297],학사,3/0/3,"월 14:30~16:00
수 14:30~16:00",,0,view,,English
33,화학과,CH4220-01,물리화학의 응용,선택,,교과,이강택[61665],학사,3/0/3,"월 14:30~16:00
수 14:30~16:00",,0,view,,English
34,화학과,CH4221-01,계산화학,선택,,교과,최준호[62923],학사,3/0/3,"월 10:30~12:00
수 10:30~12:00",,0,view,,English
35,화학과,CH4222-01,에너지 변환과 저장,선택,,교과,김상륜[64069],학사,3/0/3,화 09:00~12:00,신재생에너지연구동(309),20,view,,English
36,화학과,CH9102-01,학사논문연구 I,연구,,논문연구,,학사,0/0/3,,,0,view,,
37,화학과,CH9103-01,학사논문연구 II,연구,,논문연구,,학사,0/0/3,,,0,view,,
38,문화기술 부전공,CT2502-01,현대 예술의 이해,선택,,교과,,학사,3/0/3,"월 14:30~16:00
수 14:30~16:00",,12,view,,Korean
39,문화기술 부전공,CT2544-01,문화콘텐츠의 이해,선택,,교과,윤필상[63439],학사,3/0/3,"월 14:30~16:00
수 14:30~16:00",,30,view,,Korean
40,문화기술 부전공,CT2661-01,논리학 입문,선택,,교과,원치욱[62072],학사,3/0/3,"월 16:00~17:30
수 16:00~17:30",,30,view,,Korean
41,문화기술 부전공,CT2824-01,문명과 수학,선택,,교과,김홍종[63637],학사,3/0/3,"화 10:30~12:00
목 10:30~12:00",,30,view,,English/Korean
42,문화기술 부전공,CT4202-01,영상 커뮤니케이션,선택,,교과,송은성[63802],학사,3/0/3,"화 10:30~12:00
목 10:30~12:00",,25,view,,English
43,문화기술 부전공,CT4303-01,게임 인공지능,선택,,교과,김경중[63332],학사,3/0/3,"월 10:30~12:00
수 10:30~12:00",다산빌딩(학제융합연구동)(112),20,view,,English
44,문화기술 부전공,CT4304-01,피지컬 컴퓨팅 스튜디오,선택,,교과,송은성[63802],학사,3/0/3,"화 09:00~10:30
목 09:00~10:30",,25,view,,English
45,문화기술 부전공,CT4305-01,서비스러닝 프로젝트,선택,,교과,송은성[63802],학사,3/0/3,"월 09:00~10:30
수 09:00~10:30",,25,view,,English
46,문화기술 부전공,CT4504-01,과학계산 프로그래밍,선택,,교과,황치옥[60934],학사,3/0/3,"월 14:30~16:00
수 14:30~16:00",,30,view,,English/Korean
47,인문학·사회과학 부전공,EB2724-01,거시경제학원론,선택,,교과,김상호[61574],학사,3/0/3,"월 10:30~12:00
수 10:30~12:00",,30,view,,English
48,인문학·사회과학 부전공,EB2751-01,전략경영 I,선택,,교과,진규호[62454],학사,3/0/3,"월 13:00~14:30
수 13:00~14:30",,30,view,,Korean
49,인문학·사회과학 부전공,EB2753-01,기술벤처창업론,선택,,교과,진규호[62454],학사,3/0/3,"월 16:00~17:30
수 16:00~17:30",,30,view,,Korean
50,인문학·사회과학 부전공,EB3736-01,통일독일과 남북통일,선택,,교과,김상호[61574],학사,3/0/3,"월 14:30~16:00
수 14:30~16:00",,30,view,,Korean
51,인문학·사회과학 부전공,EB3754-01,사회물리학: 네트워크적 접근,선택,,교과,진규호[62454],학사,3/0/3,"월 10:30~12:00
수 10:30~12:00",,30,view,,Korean
52,전기전자컴퓨터공학부,EC2201-01,회로이론,선택,,교과,박창수[63581],학사,3/0/3,"월 16:00~17:30
수 16:00~17:30",전기전자컴퓨터공학부B(B203),30,view,,English
53,전기전자컴퓨터공학부,EC2204-01,컴퓨터 구조,선택,,교과,브라이언 도리얼[63478],학사,3/0/3,"월 13:00~14:30
수 13:00~14:30",,40,view,,English
54,전기전자컴퓨터공학부,EC2204-02,컴퓨터 구조,선택,,교과,브라이언 도리얼[63478],학사,3/0/3,"월 14:30~16:00
수 14:30~16:00",,40,view,,English
55,전기전자컴퓨터공학부,EC2205-01,공학전자기학 II,선택,,교과,송영민[62450],학사,3/0/3,"월 09:00~10:30
수 09:00~10:30",,30,view,,English
56,전기전자컴퓨터공학부,EC2206-01,알고리즘 개론,선택,,교과,수만 판데[63982],학사,3/0/3,"월 14:30~16:00
수 14:30~16:00",,40,view,,English
57,전기전자컴퓨터공학부,EC2206-02,알고리즘 개론,선택,,교과,수만 판데[63982],학사,3/0/3,"화 14:30~16:00
목 14:30~16:00",,40,view,,English
58,전기전자컴퓨터공학부,EC3101-01,전자공학실험,필수,,교과,"김병돈[61433]
김홍국[01176]",학사,1/4/3,"화 10:30~11:30
화 13:00~17:00",,10,view,,English
59,전기전자컴퓨터공학부,EC3101-02,전자공학실험,필수,,교과,"김병돈[61433]
김홍국[01176]",학사,1/4/3,"화 10:30~11:30
수 13:00~17:00",,10,view,,English
60,전기전자컴퓨터공학부,EC3101-03,전자공학실험,필수,,교과,"김병돈[61433]
김홍국[01176]",학사,1/4/3,"화 10:30~11:30
금 13:00~17:00",,10,view,,English
61,전기전자컴퓨터공학부,EC3204-01,프로그래밍 언어 및 컴파일러,선택,,교과,소순범[64560],학사,3/0/3,"월 16:00~17:30
수 16:00~17:30",전기전자컴퓨터공학부B(B201),29,view,,English
62,전기전자컴퓨터공학부,EC3206-01,반도체 재료 및 소자,선택,,교과,강동호[64046],학사,3/0/3,"월 10:30~12:00
수 10:30~12:00",,30,view,,English
63,전기전자컴퓨터공학부,EC3212-01,고급전자회로,선택,,교과,이병근[60959],학사,3/0/3,"화 09:00~10:30
목 09:00~10:30",,0,view,,English
64,전기전자컴퓨터공학부,EC3215-01,시스템 프로그래밍,선택,,교과,"손진희[63887]
오용[61946]",학사,3/1/3,"화 14:30~16:00
목 14:30~16:00
목 16:00~17:00",,15,view,,English
65,전기전자컴퓨터공학부,EC3215-02,시스템 프로그래밍,선택,,교과,"손진희[63887]
오용[61946]",학사,3/1/3,"화 14:30~16:00
목 14:30~16:00
목 17:00~18:00",,15,view,,English
66,전기전자컴퓨터공학부,EC3218-01,통신공학,선택,,교과,유남열[61970],학사,3/0/3,"월 10:30~12:00
수 10:30~12:00",,0,view,,English
67,전기전자컴퓨터공학부,EC4202-01,디지털 집적회로,선택,,교과,이민재[61406],학사,3/0/3,"화 10:30~12:00
목 10:30~12:00",전기전자컴퓨터공학부B(B201),20,view,,English
68,전기전자컴퓨터공학부,EC4203-01,초고주파공학,선택,,교과,김강욱[60178],학사,3/0/3,"월 16:00~17:30
수 16:00~17:30",,20,view,,English
69,전기전자컴퓨터공학부,EC4204-01,데이터 베이스 시스템,선택,,교과,수만 판데[63982],학사,3/0/3,"월 16:00~17:30
수 16:00~17:30",,40,view,,English
70,전기전자컴퓨터공학부,EC4206-01,컴퓨터 네트워킹,선택,,교과,수만 판데[63982],학사,3/0/3,"화 13:00~14:30
목 13:00~14:30",,40,view,,English
71,전기전자컴퓨터공학부,EC4207-01,그래프 이론,선택,,교과,최정옥[61376],학사,3/0/3,"월 10:30~12:00
수 10:30~12:00",,30,view,,English/Korean
72,전기전자컴퓨터공학부,EC4213-01,기계학습 및 딥러닝,선택,,교과,김선동[64338],학사,3/0/3,"월 13:00~14:30
수 13:00~14:30",,80,view,,English
73,전기전자컴퓨터공학부,EC4214-01,광공학개론,선택,,교과,정현호[63502],학사,3/0/3,"화 10:30~12:00
목 10:30~12:00",전기전자컴퓨터공학부B(B203),15,view,,English
74,전기전자컴퓨터공학부,EC4221-01,지능형 모터 융합 프로젝트,선택,,교과,허필원[63766],학사,2/2/3,금 13:00~17:00,기계공학부(228),0,view,,English
75,전기전자컴퓨터공학부,EC4222-01,양자정보기술개론,선택,,교과,함병승[61674],학사,3/0/3,"화 09:00~10:30
목 09:00~10:30",전기전자컴퓨터공학부B(B203),30,view,,English
76,전기전자컴퓨터공학부,EC4308-01,반도체 공정 기초,선택,,교과,강동호[64046],학사,2/2/3,"월 13:00~15:00
수 13:00~15:00",전기전자컴퓨터공학부B(B201),20,view,,English
77,전기전자컴퓨터공학부,EC4312-01,첨단 반도체 소자,선택,,교과,윤훈한[64616],학사,3/0/3,"화 09:00~10:30
목 09:00~10:30",,20,view,,English
78,전기전자컴퓨터공학부,EC9102-01,학사논문연구 I,연구,,논문연구,,학사,0/0/3,,,0,view,,
79,전기전자컴퓨터공학부,EC9103-01,학사논문연구 II,연구,,논문연구,,학사,0/0/3,,,0,view,,
80,지구환경공학부,EV2209-01,환경모니터링,선택,,교과,수띠퐁 스띠아노프카오[63371],학사,3/0/3,"화 13:00~14:30
목 13:00~14:30",,35,view,,English
81,지구환경공학부,EV2210-01,(MOOC 지정)유체역학 I,선택,,교과,지솔근[62534],학사,3/0/3,"월 13:00~14:30
수 13:00~14:30",기계공학부(102),0,view,,English
82,지구환경공학부,EV2212-01,유전학,선택,,교과,진석원[61956],학사,3/0/3,"월 13:00~14:30
수 13:00~14:30",생명과학부(BT포함)(223),0,view,,English
83,지구환경공학부,EV2215-01,환경에너지공학전공연구 II,선택,,교과,박영준[62059],학사,0/3/1,금 17:30~19:00,지구환경공학부(210),20,view,,English/Korean
84,지구환경공학부,EV2216-01,수화학 기초,선택,,교과,이윤호[61281],학사,3/0/3,"화 10:30~12:00
목 10:30~12:00",지구환경공학부(210),20,view,,English
85,지구환경공학부,EV2217-01,물리화학 B,선택,,교과,방윤수[61199],학사,3/0/3,"화 09:00~10:30
목 09:00~10:30",,0,view,,English
86,지구환경공학부,EV3106-01,환경분석실험 I,필수,,교과,"신인환[62806]
최희철[01134]",학사,1/4/3,금 13:00~17:30,지스트대학B동(115),0,view,,English
87,지구환경공학부,EV3111-01,지구시스템과학,필수,,교과,"강창근[61944]
김은석[61667]
송철한[01185]
황희정[64090]",학사,3/0/3,"월 10:30~12:00
수 10:30~12:00",지구환경공학부(410),0,view,,English
88,지구환경공학부,EV3205-01,환경 생태학,선택,,교과,김은석[61667],학사,3/0/3,"화 13:00~14:30
목 13:00~14:30",삼성환경연구동(211),0,view,,English
89,지구환경공학부,EV3214-01,생유기화학과 바이오의약품,선택,,교과,서지원[60955],학사,3/0/3,"화 09:00~10:30
목 09:00~10:30",,0,view,,English
90,지구환경공학부,EV3216-01,생화학 II,선택,,교과,허윤현[63163],학사,3/0/3,"월 16:00~17:30
수 16:00~17:30",,30,view,,English
91,지구환경공학부,EV3217-01,미생물학,선택,,교과,박대호[30565],학사,3/0/3,"화 09:00~10:30
목 09:00~10:30",생명과학부(BT포함)(428),0,view,,English
92,지구환경공학부,EV3219-01,수리물리 I,선택,,교과,박찬용[62936],학사,3/0/3,"화 09:00~10:30
목 09:00~10:30",자연과학동(201),0,view,,English
93,지구환경공학부,EV4214-01,대기화학과 기후변화 Ⅰ,선택,,교과,송철한[01185],학사,3/0/3,수 14:30~17:30,삼성환경연구동(211),0,view,,English
94,지구환경공학부,EV4223-01,기기분석,선택,,교과,임현섭[63380],학사,3/0/3,"월 10:30~12:00
수 10:30~12:00",,0,view,,English
95,지구환경공학부,EV4228-01,환경열역학,선택,,교과,박영준[62059],학사,3/0/3,"화 13:00~14:30
목 13:00~14:30",지구환경공학부(210),0,view,,English/Korean
96,지구환경공학부,EV4230-01,멤브레인 과학과 기술,선택,,교과,김인수[64409],학사,3/0/3,"화 09:00~10:30
목 09:00~10:30",삼성환경연구동(211),0,view,,English
97,지구환경공학부,EV4235-01,나노공학의 환경영향,선택,,교과,김창우[64047],학사,3/0/3,"월 10:30~12:00
수 10:30~12:00",,0,view,,English/Korean
98,지구환경공학부,EV4236-01,과학적 사고와 표현,선택,,교과,수띠퐁 스띠아노프카오[63371],학사,3/0/3,"월 09:00~10:30
수 09:00~10:30",,25,view,,English
99,지구환경공학부,EV4240-01,딥러닝 환경 빅데이터 적용,선택,,교과,김형록[64515],학사,3/0/3,"월 10:30~12:00
수 10:30~12:00",지구환경공학부(210),0,view,,English
100,지구환경공학부,EV4241-01,에너지재료개론,선택,,교과,주종훈[63948],학사,3/0/3,"월 09:00~10:30
수 09:00~10:30",지구환경공학부(210),0,view,,English
101,지구환경공학부,EV4243-01,열물질전달,선택,,교과,강성봉[63235],학사,3/0/3,"화 10:30~12:00
목 10:30~12:00",삼성환경연구동(211),0,view,,English
102,지구환경공학부,EV9101-01,학사논문연구,연구,,논문연구,,학사,0/0/3,,,0,view,,English
103,지구환경공학부,EV9102-01,학사논문연구 I,연구,,논문연구,,학사,0/0/3,,,0,view,,
104,지구환경공학부,EV9103-01,학사논문연구 II,연구,,논문연구,,학사,0/0/3,,,0,view,,
105,에너지부전공,FE2101-01,에너지와 미래사회,선택,,교과,김희주[62718],학사,3/0/3,목 14:30~17:30,,20,view,,English
106,에너지부전공,FE2301-01,회로이론,선택,,교과,박창수[63581],학사,3/0/3,"월 16:00~17:30
수 16:00~17:30",전기전자컴퓨터공학부B(B203),30,view,,English
107,에너지부전공,FE4201-01,에너지 변환과 저장,선택,,교과,김상륜[64069],학사,3/0/3,화 09:00~12:00,신재생에너지연구동(309),20,view,,English
108,에너지부전공,FE4303-01,전력경제와 경영과학,선택,,교과,김진호[62704],학사,3/0/3,"월 14:30~16:00
수 14:30~16:00",신재생에너지연구동(309),10,view,,English
109,에너지부전공,FE4308-01,전력변환시스템의 기초,선택,,교과,박용순[62536],학사,3/0/3,"화 10:30~12:00
목 10:30~12:00",,10,view,,English
110,에너지부전공,FE4309-01,무선전력전송,선택,,교과,임춘택[62535],학사,3/0/3,"월 10:30~12:00
수 10:30~12:00",신재생에너지연구동(309),24,view,,English
111,에너지부전공,FE4501-01,태양전지의 이해,선택,,교과,김희주[62718],학사,3/0/3,"월 13:00~14:30
수 13:00~14:30",,15,view,,English
112,기초교육학부,GS0101-01,축구,필수,,교과,서문학[61594],학사,2/0/0,화 19:30~21:30,,5,view,,Korean
113,기초교육학부,GS0101-02,축구,필수,,교과,서문학[61594],학사,2/0/0,수 19:30~21:30,,5,view,,Korean
114,기초교육학부,GS0102-01,테니스,필수,,교과,최명구[64546],학사,2/0/0,수 17:30~19:30,,15,view,,Korean
115,기초교육학부,GS0102-02,테니스,필수,,교과,최명구[64546],학사,2/0/0,수 19:30~21:30,,15,view,,Korean
116,기초교육학부,GS0103-01,농구,필수,,교과,김성훈[64541],학사,2/0/0,화 19:30~21:30,,5,view,,Korean
117,기초교육학부,GS0103-02,농구,필수,,교과,김성훈[64541],학사,2/0/0,수 19:30~21:30,,5,view,,Korean
118,기초교육학부,GS0104-01,배드민턴,필수,,교과,이기정[61095],학사,2/0/0,화 17:30~19:30,,6,view,,Korean
119,기초교육학부,GS0104-02,배드민턴,필수,,교과,이기정[61095],학사,2/0/0,목 17:30~19:30,,6,view,,Korean
120,기초교육학부,GS0104-03,배드민턴,필수,,교과,이기정[61095],학사,2/0/0,목 19:30~21:30,,6,view,,Korean
121,기초교육학부,GS0105-01,탁구,필수,,교과,손향숙[61204],학사,2/0/0,목 17:30~19:30,,11,view,,Korean
122,기초교육학부,GS0105-02,탁구,필수,,교과,손향숙[61204],학사,2/0/0,목 19:30~21:30,,11,view,,Korean
123,기초교육학부,GS0106-01,요가,필수,,교과,이현화[61203],학사,2/0/0,수 17:30~19:30,,11,view,,Korean
124,기초교육학부,GS0106-02,요가,필수,,교과,이현화[61203],학사,2/0/0,수 19:30~21:30,,11,view,,Korean
125,기초교육학부,GS0107-01,골프,필수,,교과,박장진[62008],학사,2/0/0,목 17:30~19:30,,11,view,,Korean
126,기초교육학부,GS0107-02,골프,필수,,교과,박장진[62008],학사,2/0/0,목 19:30~21:30,,11,view,,Korean
127,기초교육학부,GS0108-01,힙합댄스,필수,,교과,이은지[62527],학사,2/0/0,월 19:30~21:30,,11,view,,Korean
128,기초교육학부,GS0109-01,태권도,필수,,교과,박성준[64545],학사,2/0/0,화 19:30~21:30,,10,view,,English/Korean
129,기초교육학부,GS0110-01,헬스,필수,,교과,이종신[64548],학사,2/0/0,목 17:30~19:30,,11,view,,Korean
130,기초교육학부,GS0112-01,수영,필수,,교과,김영민[61593],학사,2/0/0,목 17:30~19:30,,16,view,,Korean
131,기초교육학부,GS0112-02,수영,필수,,교과,김영민[61593],학사,2/0/0,목 19:30~21:30,,16,view,,Korean
132,기초교육학부,GS0113-01,볼링,필수,,교과,조상용[62102],학사,2/0/0,화 17:30~19:30,지스트대학A동(109),10,view,,Korean
133,기초교육학부,GS0113-02,볼링,필수,,교과,조상용[62102],학사,2/0/0,목 17:30~19:30,지스트대학A동(109),10,view,,Korean
134,기초교육학부,GS0114-01,야구,필수,,교과,정경운[62208],학사,2/0/0,목 19:30~21:30,,8,view,,Korean
135,기초교육학부,GS0115-01,암벽등반,필수,,교과,조계주[63818],학사,2/0/0,화 19:30~21:30,,10,view,,Korean
136,기초교육학부,GS0201-01,피아노,필수,,교과,박상희[64547],학사,2/0/0,화 17:30~19:30,지스트대학A동(103),11,view,,Korean
137,기초교육학부,GS0201-02,피아노,필수,,교과,박상희[64547],학사,2/0/0,화 19:30~21:30,지스트대학A동(103),11,view,,Korean
138,기초교육학부,GS0201-03,피아노,필수,,교과,박상희[64547],학사,2/0/0,수 17:30~19:30,지스트대학A동(103),11,view,,Korean
139,기초교육학부,GS0202-01,플룻,필수,,교과,김보라[61021],학사,2/0/0,월 17:30~19:30,지스트대학A동(103),7,view,,Korean
140,기초교육학부,GS0203-01,바이올린,필수,,교과,,학사,2/0/0,월 19:30~21:30,지스트대학A동(105),4,view,,Korean
141,기초교육학부,GS0204-01,첼로,필수,,교과,양윤선[61591],학사,2/0/0,수 17:30~19:30,지스트대학A동(105),11,view,,Korean
142,기초교육학부,GS0205-01,클라리넷,필수,,교과,임지연[64544],학사,2/0/0,월 17:30~19:30,지스트대학A동(109),7,view,,Korean
143,기초교육학부,GS0206-01,어쿠스틱기타,필수,,교과,한재영[61094],학사,2/0/0,월 17:30~19:30,지스트대학A동(108),8,view,,Korean
144,기초교육학부,GS0206-02,어쿠스틱기타,필수,,교과,한재영[61094],학사,2/0/0,월 19:30~21:30,지스트대학A동(108),8,view,,Korean
145,기초교육학부,GS0206-03,어쿠스틱기타,필수,,교과,한재영[61094],학사,2/0/0,화 19:30~21:30,지스트대학A동(108),8,view,,Korean
146,기초교육학부,GS0207-01,일렉기타,필수,,교과,김귀훈[64543],학사,2/0/0,목 17:30~19:30,지스트대학A동(102),11,view,,Korean
147,기초교육학부,GS0207-02,일렉기타,필수,,교과,김귀훈[64543],학사,2/0/0,목 19:30~21:30,지스트대학A동(102),11,view,,Korean
148,기초교육학부,GS0208-01,베이스기타,필수,,교과,이재형[63441],학사,2/0/0,화 19:30~21:30,지스트대학A동(107),11,view,,Korean
149,기초교육학부,GS0209-01,드럼,필수,,교과,강기호[64553],학사,2/0/0,수 17:30~19:30,,10,view,,Korean
150,기초교육학부,GS0209-02,드럼,필수,,교과,강기호[64553],학사,2/0/0,수 19:30~21:30,,10,view,,Korean
151,기초교육학부,GS0210-01,보컬,필수,,교과,장진형[61372],학사,2/0/0,화 17:30~19:30,지스트대학A동(227),11,view,,Korean
152,기초교육학부,GS0210-02,보컬,필수,,교과,장진형[61372],학사,2/0/0,화 19:30~21:30,지스트대학A동(227),11,view,,Korean
153,기초교육학부,GS0211-01,드로잉,필수,,교과,홍원석[63320],학사,2/0/0,화 17:30~19:30,지스트대학A동(110),7,view,,English/Korean
154,기초교육학부,GS0211-02,드로잉,필수,,교과,홍원석[63320],학사,2/0/0,수 17:30~19:30,지스트대학A동(110),7,view,,Korean
155,기초교육학부,GS0211-03,드로잉,필수,,교과,홍원석[63320],학사,2/0/0,수 19:30~21:30,지스트대학A동(110),7,view,,Korean
156,기초교육학부,GS0213-01,컴퓨터 음악 만들기,필수,,교과,이재형[63441],학사,2/0/0,수 17:30~19:30,지스트대학A동(107),11,view,,Korean
157,기초교육학부,GS0213-02,컴퓨터 음악 만들기,필수,,교과,이재형[63441],학사,2/0/0,수 19:30~21:30,지스트대학A동(107),11,view,,
158,기초교육학부,GS1001-01,미적분학과 응용,필수,,교과,"김재길[62813]
유현주[61585]",학사,3/1/3,"월 09:00~10:30
수 09:00~10:30
금 09:00~10:00",,15,view,,English/Korean
159,기초교육학부,GS1102-01,일반물리학 및 연습 Ⅱ,선택,,교과,박찬용[62936],학사,3/1/3,"월 10:30~12:00
월 19:00~20:00
수 10:30~12:00",자연과학동(203),35,view,,English
160,기초교육학부,GS1102-02,일반물리학 및 연습 Ⅱ,선택,,교과,박찬용[62936],학사,3/1/3,"월 13:00~14:30
수 13:00~14:30
수 19:00~20:00",자연과학동(203),35,view,,
161,기초교육학부,GS1102-03,일반물리학 및 연습 Ⅱ,선택,,교과,양현석[63524],학사,3/1/3,"화 10:30~12:00
화 19:00~20:00
목 10:30~12:00",자연과학동(203),35,view,,
162,기초교육학부,GS1102-04,일반물리학 및 연습 Ⅱ,선택,,교과,양현석[63524],학사,3/1/3,"화 14:30~16:00
목 14:30~16:00
목 19:00~20:00",자연과학동(203),35,view,,
163,기초교육학부,GS1104-01,고급일반물리학 및 연습 Ⅱ,선택,,교과,유운종[60956],학사,3/1/3,"월 10:30~12:00
수 10:30~12:00
수 19:00~20:00",자연과학동(201),35,view,,English
164,기초교육학부,GS1112-01,일반물리학 실험 Ⅱ,선택,,교과,"김근영[61666]
이승우[63473]",학사,0/2/1,목 16:00~18:00,,18,view,,English
165,기초교육학부,GS1112-02,일반물리학 실험 Ⅱ,선택,,교과,"김근영[61666]
이승우[63473]",학사,0/2/1,금 13:00~15:00,,18,view,,
166,기초교육학부,GS1201-01,일반화학 및 연습 I,필수,,교과,최준호[62923],학사,3/1/3,"화 09:00~10:30
화 17:30~18:30
목 09:00~10:30",,0,view,,English
167,기초교육학부,GS1202-01,일반화학 및 연습 Ⅱ,선택,,교과,리자오지에[62164],학사,3/1/3,"화 10:30~12:00
화 17:30~18:30
목 10:30~12:00",,40,view,,English
168,기초교육학부,GS1202-02,일반화학 및 연습 Ⅱ,선택,,교과,리자오지에[62164],학사,3/1/3,"화 13:00~14:30
화 17:30~18:30
목 13:00~14:30",,40,view,,
169,기초교육학부,GS1202-03,일반화학 및 연습 Ⅱ,선택,,교과,리자오지에[62164],학사,3/1/3,"화 09:00~10:30
목 09:00~10:30
목 17:30~18:30",,40,view,,
170,기초교육학부,GS1211-01,일반화학실험 Ⅰ,필수,,교과,"서준혁[62856]
조춘실[61321]",학사,0/2/1,화 10:30~12:30,,18,view,,English
171,기초교육학부,GS1211-02,일반화학실험 Ⅰ,필수,,교과,"서준혁[62856]
조춘실[61321]",학사,0/2/1,화 16:00~18:00,,18,view,,
172,기초교육학부,GS1211-03,일반화학실험 Ⅰ,필수,,교과,"리자오지에[62164]
조춘실[61321]",학사,0/2/1,수 10:30~12:30,,18,view,,
173,기초교육학부,GS1211-04,일반화학실험 Ⅰ,필수,,교과,"리자오지에[62164]
조춘실[61321]",학사,0/2/1,수 16:00~18:00,,18,view,,
174,기초교육학부,GS1212-01,일반화학실험 Ⅱ,선택,,교과,"서준혁[62856]
조춘실[61321]",학사,0/2/1,금 10:00~12:00,,18,view,,English
175,기초교육학부,GS1301-01,생물학,필수,,교과,허윤현[63163],학사,3/0/3,"화 10:30~12:00
목 10:30~12:00",,30,view,,English
176,기초교육학부,GS1301-02,생물학,필수,,교과,허윤현[63163],학사,3/0/3,"화 13:00~14:30
목 13:00~14:30",,30,view,,
177,기초교육학부,GS1302-01,인간 생물학,필수,,교과,허윤현[63163],학사,3/0/3,"월 13:00~14:30
수 13:00~14:30",,30,view,,English
178,기초교육학부,GS1304-01,현대 생명과학의 이해,선택,,교과,조경래[61123],학사,1/0/1,목 14:30~16:00,생명과학부(BT포함)(121),0,view,,English
179,기초교육학부,GS1311-01,일반생물학 실험,필수,,교과,"김영준[60665]
김한아[61443]
진석원[61956]",학사,0/2/1,화 16:00~18:00,,12,view,,English/Korean
180,기초교육학부,GS1311-02,일반생물학 실험,필수,,교과,"김영준[60665]
김한아[61443]
진석원[61956]",학사,0/2/1,수 16:00~18:00,,12,view,,English/Korean
181,기초교육학부,GS1311-03,일반생물학 실험,필수,,교과,"김영준[60665]
김한아[61443]
진석원[61956]",학사,0/2/1,금 10:00~12:00,,12,view,,English/Korean
182,기초교육학부,GS1311-04,일반생물학 실험,필수,,교과,"김영준[60665]
김한아[61443]
진석원[61956]",학사,0/2/1,금 14:00~16:00,,12,view,,English/Korean
183,기초교육학부,GS1322-01,생명과학속 이야기들,선택,,교과,유영준[63852],학사,3/0/3,"월 10:30~12:00
수 10:30~12:00",,0,view,,English/Korean
184,기초교육학부,GS1401-01,컴퓨터 프로그래밍,필수,,교과,"브라이언 도리얼[63478]
오용[61946]",학사,3/1/3,"월 10:30~12:00
수 10:30~12:00
금 10:00~11:00",,10,view,,English
185,기초교육학부,GS1401-02,컴퓨터 프로그래밍,필수,,교과,"브라이언 도리얼[63478]
오용[61946]",학사,3/1/3,"월 10:30~12:00
수 10:30~12:00
금 11:00~12:00",,10,view,,English
186,기초교육학부,GS1401-03,컴퓨터 프로그래밍,필수,,교과,"브라이언 도리얼[63478]
오용[61946]",학사,3/1/3,"월 10:30~12:00
수 10:30~12:00
금 13:00~14:00",,10,view,,English
187,기초교육학부,GS1401-04,컴퓨터 프로그래밍,필수,,교과,"브라이언 도리얼[63478]
오용[61946]",학사,3/1/3,"화 10:30~12:00
목 10:30~12:00
금 14:00~15:00",,10,view,,English
188,기초교육학부,GS1401-05,컴퓨터 프로그래밍,필수,,교과,"브라이언 도리얼[63478]
오용[61946]",학사,3/1/3,"화 10:30~12:00
목 10:30~12:00
금 15:00~16:00",,10,view,,English
189,기초교육학부,GS1401-06,컴퓨터 프로그래밍,필수,,교과,"브라이언 도리얼[63478]
오용[61946]",학사,3/1/3,"화 10:30~12:00
목 10:30~12:00
금 16:00~17:00",,10,view,,English
190,기계공학부,GS1432-01,기계로봇공학개론,선택,,교과,이재욱[62604],학사,2/2/3,"월 16:00~18:00
수 16:00~18:00",,30,view,,English
191,기초교육학부,GS1451-01,소재와 미래과학기술,선택,,교과,김봉중[30656],학사,1/0/1,월 16:00~17:30,,0,view,,Korean
192,기초교육학부,GS1491-01,SW코딩과 AI활용,선택,,교과,김희숙[62932],학사,1/2/2,화 13:00~16:00,금호정보통신연구동(금호관)(202),20,view,,Korean
193,기초교육학부,GS1491-02,SW코딩과 AI활용,선택,,교과,김희숙[62932],학사,1/2/2,목 13:00~16:00,금호정보통신연구동(금호관)(202),20,view,,Korean
194,기초교육학부,GS1492-01,(MOOC 지정) 문제해결을 위한 컴퓨터 사고,선택,,교과,박건혁[63254],학사,1/0/1,All 00:00~00:00,,0,view,,English
195,기초교육학부,GS1496-01,(MOOC 지정) 기계학습을 위한 수학: 선형대수학,선택,,교과,박건혁[63254],학사,1/0/1,All 00:00~00:00,,0,view,,English
196,기초교육학부,GS1497-01,(MOOC 지정)기계학습을 위한 수학: PCA,선택,,교과,박건혁[63254],학사,1/0/1,All 00:00~00:00,,0,view,,English
197,기초교육학부,GS1498-01,(MOOC 지정)기계학습을 위한 수학: 다변량 미적분학,선택,,교과,박건혁[63254],학사,1/0/1,All 00:00~00:00,,0,view,,English
198,기초교육학부,GS1499-01,(MOOC 지정) 파이썬 기초,필수,,교과,박건혁[63254],학사,1/2/2,All 00:00~00:00,,0,view,,English
199,기초교육학부,GS1512-01,글쓰기의 기초: 학술적 글쓰기,필수,,교과,최서윤[63820],학사,3/0/3,"화 10:30~12:00
목 10:30~12:00",,30,view,,Korean
200,기초교육학부,GS1512-02,글쓰기의 기초: 학술적 글쓰기,필수,,교과,최서윤[63820],학사,3/0/3,"화 13:00~14:30
목 13:00~14:30",,30,view,,Korean
201,기초교육학부,GS1512-03,글쓰기의 기초: 학술적 글쓰기,필수,,교과,최서윤[63820],학사,3/0/3,"화 14:30~16:00
목 14:30~16:00",,30,view,,Korean
202,기초교육학부,GS1532-01,심화 글쓰기: 고전 읽기와 글쓰기,필수,,교과,최서윤[63820],학사,3/0/3,"월 16:00~17:30
수 16:00~17:30",,20,view,,Korean
203,기초교육학부,GS1606-01,과학 기사 읽기,선택,,교과,데이비드 스튜어트 윌스[64278],학사,3/0/2,"월 13:00~14:30
수 13:00~14:30",,15,view,,English
204,기초교육학부,GS1607-01,학술영어,필수,,교과,데이비드 스튜어트 윌스[64278],학사,3/0/2,"월 09:00~10:30
수 09:00~10:30",,16,view,,English
205,기초교육학부,GS1607-02,학술영어,필수,,교과,리스 존 랜달[64277],학사,3/0/2,"월 09:00~10:30
수 09:00~10:30",,16,view,,English
206,기초교육학부,GS1607-03,학술영어,필수,,교과,레베카 배[62607],학사,3/0/2,"월 10:30~12:00
수 10:30~12:00",,16,view,,English
207,기초교육학부,GS1607-04,학술영어,필수,,교과,리스 존 랜달[64277],학사,3/0/2,"월 14:30~16:00
수 14:30~16:00",,16,view,,English
208,기초교육학부,GS1902-01,기초 한국어,필수,,교과,심선향[64511],학사,3/0/0,"월 10:30~12:00
수 10:30~12:00",,14,view,,Korean
209,기초교육학부,GS1902-02,기초 한국어,필수,,교과,심선향[64511],학사,3/0/0,"월 13:00~14:30
수 13:00~14:30",,14,view,,Korean
210,기초교육학부,GS1902-03,기초 한국어,필수,,교과,심선향[64511],학사,3/0/0,"화 13:00~14:30
목 13:00~14:30",,14,view,,Korean
211,기초교육학부,GS1905-01,중급 한국어,선택,,교과,이선하[63991],학사,3/0/2,"화 14:30~16:00
목 14:30~16:00",,15,view,,Korean
212,기초교육학부,GS2001-01,다변수해석학과 응용,필수,,교과,"강현석[61973]
유현주[61585]",학사,3/1/3,"화 10:30~12:00
목 10:30~12:00
목 17:30~18:30",,35,view,,English/Korean
213,기초교육학부,GS2001-02,다변수해석학과 응용,필수,,교과,"강현석[61973]
유현주[61585]",학사,3/1/3,"화 13:00~14:30
목 13:00~14:30
목 18:30~19:30",,35,view,,English/Korean
214,기초교육학부,GS2001-03,다변수해석학과 응용,필수,,교과,"김민기[64123]
유현주[61585]",학사,3/1/3,"화 13:00~14:30
수 17:30~18:30
목 13:00~14:30",,35,view,,English/Korean
215,기초교육학부,GS2001-04,다변수해석학과 응용,필수,,교과,"김민기[64123]
유현주[61585]",학사,3/1/3,"화 14:30~16:00
수 18:30~19:30
목 14:30~16:00",,35,view,,English/Korean
216,기초교육학부,GS2001-05,다변수해석학과 응용,필수,,교과,"송정민[61101]
유현주[61585]",학사,3/1/3,"월 17:30~18:30
화 10:30~12:00
목 10:30~12:00",,35,view,,English/Korean
217,기초교육학부,GS2001-06,다변수해석학과 응용,필수,,교과,"유현주[61585]
최정옥[61376]",학사,3/1/3,"월 13:00~14:30
화 17:30~18:30
수 13:00~14:30",,35,view,,English/Korean
218,기초교육학부,GS2002-01,미분방정식과 응용,필수,,교과,"송정민[61101]
유현주[61585]",학사,3/1/3,"월 09:00~10:30
월 18:30~19:30
수 09:00~10:30",,30,view,,English/Korean
219,기초교육학부,GS2002-02,미분방정식과 응용,필수,,교과,"유현주[61585]
황치옥[60934]",학사,3/1/3,"월 10:30~12:00
화 18:30~19:30
수 10:30~12:00",,30,view,,English/Korean
220,기초교육학부,GS2004-01,선형대수학과 응용,필수,,교과,"김재길[62813]
유현주[61585]",학사,3/1/3,"월 14:30~16:00
수 14:30~16:00
금 10:00~11:00",,30,view,,English/Korean
221,기초교육학부,GS2004-02,선형대수학과 응용,필수,,교과,"김재길[62813]
유현주[61585]",학사,3/1/3,"월 13:00~14:30
수 13:00~14:30
금 11:00~12:00",,30,view,,English/Korean
222,기초교육학부,GS2004-03,선형대수학과 응용,필수,,교과,"유현주[61585]
황치옥[60934]",학사,3/1/3,"월 09:00~10:30
수 09:00~10:30
금 13:00~14:00",,30,view,,English/Korean
223,기초교육학부,GS2409-01,(MOOC 지정)풀스택 자바스크립트,선택,,교과,수만 판데[63982],학사,4/0/2,All 00:00~00:00,,60,view,,English
224,기초교육학부,GS2420-01,(MOOC 지정) 알고리즘 기반 논리적 사고 - 기초,선택,,교과,박건혁[63254],학사,1/0/1,All 00:00~00:00,,0,view,,English
225,기초교육학부,GS2421-01,(MOOC 지정) 알고리즘 기반 논리적 사고 - 심화,선택,,교과,박건혁[63254],학사,1/0/1,All 00:00~00:00,,0,view,,English
226,기초교육학부,GS2422-01,(MOOC지정) 기계학습: 예측 및 분류,선택,,교과,박건혁[63254],학사,1/0/1,All 00:00~00:00,,0,view,,English
227,기초교육학부,GS2473-01,환경에너지공학개론,선택,,교과,박영준[62059],학사,1/0/1,수 16:00~17:30,지구환경공학부(210),0,view,,Korean
228,기초교육학부,GS2474-01,지속가능한 발전의 시대,선택,,교과,수띠퐁 스띠아노프카오[63371],학사,3/0/3,"화 09:00~10:30
목 09:00~10:30",,30,view,,English
229,기초교육학부,GS2475-01,환경오염,선택,,교과,수띠퐁 스띠아노프카오[63371],학사,3/0/3,"월 13:00~14:30
수 13:00~14:30",,50,view,,English
230,기초교육학부,GS2476-01,탄소중립과 에너지기술개론,선택,,교과,문승현[64154],학사,3/0/3,월 14:30~17:30,지구환경공학부(410),0,view,,English
231,기초교육학부,GS2506-01,한국현대시인론,선택,,교과,이수정[61779],학사,3/0/3,"월 09:00~10:30
수 09:00~10:30",,30,view,,Korean
232,기초교육학부,GS2511-01,현대시 읽기,선택,,교과,이수정[61779],학사,3/0/3,"월 10:30~12:00
수 10:30~12:00",,30,view,,Korean
233,기초교육학부,GS2523-01,영어단편소설읽기,선택,,교과,이시연[60939],학사,3/0/3,"화 10:30~12:00
목 10:30~12:00",,30,view,,English
234,기초교육학부,GS2525-01,근대의 모험: 서구근대문학의 이해 Ⅱ,선택,,교과,이시연[60939],학사,3/0/3,"화 09:00~10:30
목 09:00~10:30",,30,view,,Korean
235,기초교육학부,GS2541-01,서양음악의 이해,선택,,교과,오명희[64554],학사,3/0/3,"화 13:00~14:30
목 13:00~14:30",,30,view,,Korean
236,기초교육학부,GS2543-01,현대 예술의 이해,선택,,교과,,학사,3/0/3,"월 14:30~16:00
수 14:30~16:00",,12,view,,Korean
237,기초교육학부,GS2544-01,문화콘텐츠의 이해,선택,,교과,윤필상[63439],학사,3/0/3,"월 14:30~16:00
수 14:30~16:00",,30,view,,Korean
238,기초교육학부,GS2582-01,한글의 역사,선택,,교과,이선하[63991],학사,3/0/3,"화 13:00~14:30
목 13:00~14:30",,5,view,,English
239,기초교육학부,GS2602-01,한국사의 이해,선택,,교과,신진혜[64024],학사,3/0/3,"화 10:30~12:00
목 10:30~12:00",,25,view,,Korean
240,기초교육학부,GS2613-01,현대서양의 형성과 전개,선택,,교과,김동혁[62921],학사,3/0/3,"월 10:30~12:00
수 10:30~12:00",,30,view,,Korean
241,기초교육학부,GS2616-01,장기 19세기 서양 역사,선택,,교과,김동혁[62921],학사,3/0/3,"월 09:00~10:30
수 09:00~10:30",,30,view,,Korean
242,기초교육학부,GS2618-01,중동부 유럽 및 러시아의 역사,선택,,교과,김동혁[62921],학사,3/0/3,"월 14:30~16:00
수 14:30~16:00",,30,view,,Korean
243,기초교육학부,GS2620-01,철학의 근본 문제들,선택,,교과,원치욱[62072],학사,3/0/3,"월 10:30~12:00
수 10:30~12:00",,30,view,,Korean
244,기초교육학부,GS2652-01,영어 II : 이공계 글쓰기 입문,필수,,교과,제프리 발드윈[62912],학사,3/0/2,"월 09:00~10:30
수 09:00~10:30",,16,view,,English
245,기초교육학부,GS2652-02,영어 II : 이공계 글쓰기 입문,필수,,교과,레베카 배[62607],학사,3/0/2,"화 09:00~10:30
목 09:00~10:30",,16,view,,English
246,기초교육학부,GS2652-03,영어 II : 이공계 글쓰기 입문,필수,,교과,토마스 터너[62846],학사,3/0/2,"월 10:30~12:00
수 10:30~12:00",,16,view,,English
247,기초교육학부,GS2652-04,영어 II : 이공계 글쓰기 입문,필수,,교과,레베카 배[62607],학사,3/0/2,"화 10:30~12:00
목 10:30~12:00",,16,view,,English
248,기초교육학부,GS2652-05,영어 II : 이공계 글쓰기 입문,필수,,교과,리스 존 랜달[64277],학사,3/0/2,"화 10:30~12:00
목 10:30~12:00",,16,view,,English
249,기초교육학부,GS2652-06,영어 II : 이공계 글쓰기 입문,필수,,교과,존 윌스[62914],학사,3/0/2,"화 13:00~14:30
목 13:00~14:30",,16,view,,English
250,기초교육학부,GS2652-07,영어 II : 이공계 글쓰기 입문,필수,,교과,토마스 터너[62846],학사,3/0/2,"월 13:00~14:30
수 13:00~14:30",,16,view,,English
251,기초교육학부,GS2652-08,영어 II : 이공계 글쓰기 입문,필수,,교과,데이비드[62004],학사,3/0/2,"월 14:30~16:00
수 14:30~16:00",,16,view,,English
252,기초교육학부,GS2652-09,영어 II : 이공계 글쓰기 입문,필수,,교과,제프리 발드윈[62912],학사,3/0/2,"화 09:00~10:30
목 09:00~10:30",,16,view,,English
253,기초교육학부,GS2653-01,연구 윤리의 이해와 토론,선택,,교과,엘리스 리[61457],학사,3/0/2,"월 10:30~12:00
수 10:30~12:00",,15,view,,English
254,기초교육학부,GS2661-01,논리학 입문,선택,,교과,원치욱[62072],학사,3/0/3,"월 16:00~17:30
수 16:00~17:30",,30,view,,Korean
255,기초교육학부,GS2724-01,거시경제학원론,선택,,교과,김상호[61574],학사,3/0/3,"월 10:30~12:00
수 10:30~12:00",,30,view,,English
256,기초교육학부,GS2743-01,인간의 마음과 행동 2,선택,,교과,최원일[62488],학사,3/0/3,"월 09:00~10:30
수 09:00~10:30",,30,view,,Korean
257,기초교육학부,GS2748-01,언어와 마음: 언어심리학적 접근,선택,,교과,최원일[62488],학사,3/0/3,"월 16:00~17:30
수 16:00~17:30",,30,view,,Korean
258,기초교육학부,GS2751-01,전략경영 I,선택,,교과,진규호[62454],학사,3/0/3,"월 13:00~14:30
수 13:00~14:30",,30,view,,Korean
259,기초교육학부,GS2753-01,기술벤처창업론,선택,,교과,진규호[62454],학사,3/0/3,"월 16:00~17:30
수 16:00~17:30",,30,view,,Korean
260,기초교육학부,GS2763-01,현대법학의 이해,선택,,교과,김건우[61974],학사,3/0/3,"월 10:30~12:00
수 10:30~12:00",,25,view,,Korean
261,기초교육학부,GS2765-01,헌법과 국가,선택,,교과,김건우[61974],학사,3/0/3,"화 10:30~12:00
목 10:30~12:00",,20,view,,Korean
262,기초교육학부,GS2788-01,민주주의론,선택,,교과,김혜림[64283],학사,3/0/3,"화 14:30~16:00
목 14:30~16:00",,30,view,,Korean
263,기초교육학부,GS2789-01,안보와 무기체계,선택,,교과,김혜림[64283],학사,3/0/3,"화 13:00~14:30
목 13:00~14:30",,30,view,,Korean
264,기초교육학부,GS2794-01,현대사회사상의 흐름,선택,,교과,박명규[63823],학사,3/0/3,"월 14:30~16:00
수 14:30~16:00",,30,view,,Korean
265,기초교육학부,GS2795-01,문명으로 보는 21세기,선택,,교과,박명규[63823],학사,3/0/3,"월 10:30~12:00
수 10:30~12:00",,30,view,,Korean
266,기초교육학부,GS2824-01,문명과 수학,선택,,교과,김홍종[63637],학사,3/0/3,"화 10:30~12:00
목 10:30~12:00",,30,view,,English/Korean
267,기초교육학부,GS2825-01,연구자 되기,선택,,교과,김태영[61668],학사,3/0/3,"월 14:30~16:00
수 14:30~16:00",,30,view,,Korean
268,기초교육학부,GS2835-01,인간과 식물,선택,,교과,김은석[61667],학사,3/0/3,"월 16:00~17:30
수 16:00~17:30",,0,view,,English/Korean
269,기초교육학부,GS2932-01,독일어 2,선택,,교과,정영희[64549],학사,2/0/2,금 09:00~11:00,,30,view,,Korean
270,기초교육학부,GS2934-01,환경모니터링,선택,,교과,수띠퐁 스띠아노프카오[63371],학사,3/0/3,"화 13:00~14:30
목 13:00~14:30",,35,view,,English
271,기초교육학부,GS3016-01,푸리에 해석학,선택,,교과,김홍종[63637],학사,3/0/3,"화 09:00~10:30
목 09:00~10:30",,30,view,,English/Korean
272,기초교육학부,GS3401-01,(MOOC 지정) 프론트엔드 웹 개발,선택,,교과,브라이언 도리얼[63478],학사,4/0/2,All 00:00~00:00,,50,view,,English
273,기초교육학부,GS3502-01,시창작 특강,선택,,교과,이수정[61779],학사,3/0/3,"화 10:30~12:00
목 10:30~12:00",,20,view,,Korean
274,기초교육학부,GS3507-01,콘텐츠 기획과 제작,선택,,교과,윤필상[63439],학사,3/0/3,"월 16:00~17:30
수 16:00~17:30",,15,view,,Korean
275,기초교육학부,GS3602-01,역사학특강,선택,,교과,신진혜[64024],학사,3/0/3,"월 14:30~16:00
수 14:30~16:00",,25,view,,Korean
276,기초교육학부,GS3605-01,조선시대 의례사,선택,,교과,신진혜[64024],학사,3/0/3,"월 13:00~14:30
수 13:00~14:30",,25,view,,Korean
277,기초교육학부,GS3631-01,마음과 컴퓨터,선택,,교과,원치욱[62072],학사,3/0/3,"월 14:30~16:00
수 14:30~16:00",,20,view,,Korean
278,기초교육학부,GS3651-01,영어 III. 이공계 논문쓰기,선택,,교과,엘리스 리[61457],학사,3/0/2,"화 13:00~14:30
목 13:00~14:30",,15,view,,English
279,기초교육학부,GS3736-01,통일독일과 남북통일,선택,,교과,김상호[61574],학사,3/0/3,"월 14:30~16:00
수 14:30~16:00",,30,view,,Korean
280,기초교육학부,GS3754-01,사회물리학: 네트워크적 접근,선택,,교과,진규호[62454],학사,3/0/3,"월 10:30~12:00
수 10:30~12:00",,30,view,,Korean
281,기초교육학부,GS3764-01,뇌와 인지,선택,,교과,최원일[62488],학사,3/0/3,"월 13:00~14:30
수 13:00~14:30",,30,view,,Korean
282,기초교육학부,GS3767-01,(MOOC 지정) 인공지능 로봇의 윤리,선택,,교과,김건우[61974],학사,3/0/3,"월 09:00~10:30
수 09:00~10:30",,20,view,,Korean
283,기초교육학부,GS3831-01,과학기술학의 이해: 과학사회논쟁의 쟁점과 윤리,선택,,교과,하대청[62922],학사,3/0/3,"월 13:00~14:30
수 13:00~14:30",,25,view,,Korean
284,기초교육학부,GS3839-01,질병과 사회,선택,,교과,하대청[62922],학사,3/0/3,"월 14:30~16:00
수 14:30~16:00",,12,view,,Korean
285,기초교육학부,GS4005-01,과학계산 프로그래밍,선택,,교과,황치옥[60934],학사,3/0/3,"월 14:30~16:00
수 14:30~16:00",,30,view,,English/Korean
286,기초교육학부,GS4006-01,정수론과 응용,선택,,교과,송정민[61101],학사,3/0/3,"월 14:30~16:00
수 14:30~16:00",,30,view,,English/Korean
287,기초교육학부,GS4007-01,기하학 I,선택,,교과,강현석[61973],학사,3/0/3,"화 14:30~16:00
목 14:30~16:00",,30,view,,English/Korean
288,기초교육학부,GS4009-01,그래프 이론,선택,,교과,최정옥[61376],학사,3/0/3,"월 10:30~12:00
수 10:30~12:00",,30,view,,English/Korean
289,기초교육학부,GS4837-01,과학기술과 사회 연구 세미나,선택,,교과,하대청[62922],학사,3/0/3,"월 17:30~19:00
수 17:30~19:00",,15,view,,Korean
290,지능로봇 부전공,IR2201-01,회로이론,선택,,교과,박창수[63581],학사,3/0/3,"월 16:00~17:30
수 16:00~17:30",전기전자컴퓨터공학부B(B203),30,view,,English
291,지능로봇 부전공,IR2202-01,동역학,선택,,교과,허필원[63766],학사,3/0/3,"월 09:00~10:30
수 09:00~10:30",기계공학부(114),0,view,,English
292,지능로봇 부전공,IR4205-01,로봇공학,선택,,교과,윤정원[62811],학사,2/2/3,"화 09:00~10:30
화 13:00~14:30",,20,view,,English
293,지능로봇 부전공,IR4209-01,로봇제어,선택,,교과,류제하[01033],학사,3/0/3,"화 10:30~12:00
목 10:30~12:00",다산빌딩(학제융합연구동)(601),10,view,,English/Korean
294,인문학·사회과학 부전공,LH2506-01,한국현대시인론,선택,,교과,이수정[61779],학사,3/0/3,"월 09:00~10:30
수 09:00~10:30",,30,view,,Korean
295,인문학·사회과학 부전공,LH2511-01,현대시 읽기,선택,,교과,이수정[61779],학사,3/0/3,"월 10:30~12:00
수 10:30~12:00",,30,view,,Korean
296,인문학·사회과학 부전공,LH2525-01,근대의 모험: 서구근대문학의 이해 Ⅱ,선택,,교과,이시연[60939],학사,3/0/3,"화 09:00~10:30
목 09:00~10:30",,30,view,,Korean
297,인문학·사회과학 부전공,LH2602-01,한국사의 이해,필수,,교과,신진혜[64024],학사,3/0/3,"화 10:30~12:00
목 10:30~12:00",,25,view,,Korean
298,인문학·사회과학 부전공,LH2613-01,현대서양의 형성과 전개,선택,,교과,김동혁[62921],학사,3/0/3,"월 10:30~12:00
수 10:30~12:00",,30,view,,Korean
299,인문학·사회과학 부전공,LH2616-01,장기 19세기 서양 역사,선택,,교과,김동혁[62921],학사,3/0/3,"월 09:00~10:30
수 09:00~10:30",,30,view,,Korean
300,인문학·사회과학 부전공,LH2618-01,중동부 유럽 및 러시아의 역사,선택,,교과,김동혁[62921],학사,3/0/3,"월 14:30~16:00
수 14:30~16:00",,30,view,,Korean
301,인문학·사회과학 부전공,LH3502-01,시창작 특강,선택,,교과,이수정[61779],학사,3/0/3,"화 10:30~12:00
목 10:30~12:00",,20,view,,Korean
302,인문학·사회과학 부전공,LH3602-01,역사학특강,선택,,교과,신진혜[64024],학사,3/0/3,"월 14:30~16:00
수 14:30~16:00",,25,view,,Korean
303,인문학·사회과학 부전공,LH3605-01,조선시대 의례사,선택,,교과,신진혜[64024],학사,3/0/3,"월 13:00~14:30
수 13:00~14:30",,25,view,,Korean
304,신소재공학부,MA2104-01,고분자과학,필수,,교과,고흥조[60688],학사,3/0/3,"월 14:30~16:00
수 14:30~16:00",,50,view,,English
305,신소재공학부,MA2201-01,재료물리화학,선택,,교과,윤명한[61081],학사,3/0/3,"월 09:00~10:30
수 09:00~10:30",,16,view,,English
306,신소재공학부,MA3105-01,유기재료실험,필수,,교과,"김봉중[30656]
이준[62176]",학사,1/4/3,화 13:00~17:30,,30,view,,English
307,신소재공학부,MA3203-01,재료의 결정구조,선택,,교과,이상한[61798],학사,3/0/3,"월 13:00~14:30
수 13:00~14:30",,25,view,,English
308,신소재공학부,MA3210-01,고분자 화학,선택,,교과,박지웅[01182],학사,3/0/3,"화 10:30~12:00
목 10:30~12:00",,0,view,,English
309,신소재공학부,MA4202-01,박막공학,선택,,교과,정건영[60176],학사,3/0/3,"화 10:30~12:00
목 10:30~12:00",,16,view,,English
310,신소재공학부,MA4226-01,초분자 재료,선택,,교과,이은지[62933],학사,3/0/3,"월 10:30~12:00
수 10:30~12:00",신소재공학부(205-206),10,view,,English
311,신소재공학부,MA4227-01,핵산 하이브리드 소재,선택,,교과,최영재[64068],학사,3/0/3,"월 13:00~14:30
수 13:00~14:30",신소재공학부(205-206),20,view,,English
312,신소재공학부,MA9101-01,학사논문연구,연구,,논문연구,,학사,0/0/3,,,0,view,,English
313,신소재공학부,MA9102-01,학사논문연구 I,연구,,논문연구,,학사,0/0/3,,,0,view,,
314,신소재공학부,MA9103-01,학사논문연구 II,연구,,논문연구,,학사,0/0/3,,,0,view,,
315,인문학·사회과학 부전공,MB2661-01,논리학 입문,선택,,교과,원치욱[62072],학사,3/0/3,"월 16:00~17:30
수 16:00~17:30",,30,view,,Korean
316,인문학·사회과학 부전공,MB2743-01,인간의 마음과 행동 2,선택,,교과,최원일[62488],학사,3/0/3,"월 09:00~10:30
수 09:00~10:30",,30,view,,Korean
317,인문학·사회과학 부전공,MB2748-01,언어와 마음: 언어심리학적 접근,선택,,교과,최원일[62488],학사,3/0/3,"월 16:00~17:30
수 16:00~17:30",,30,view,,Korean
318,인문학·사회과학 부전공,MB3631-01,마음과 컴퓨터,선택,,교과,원치욱[62072],학사,3/0/3,"월 14:30~16:00
수 14:30~16:00",,20,view,,Korean
319,인문학·사회과학 부전공,MB3764-01,뇌와 인지,선택,,교과,최원일[62488],학사,3/0/3,"월 13:00~14:30
수 13:00~14:30",,30,view,,Korean
320,인문학·사회과학 부전공,MB3767-01,(MOOC 지정) 인공지능 로봇의 윤리,선택,,교과,김건우[61974],학사,3/0/3,"월 09:00~10:30
수 09:00~10:30",,20,view,,Korean
321,기계공학부,MC2102-01,(MOOC 지정)유체역학 I,필수,,교과,지솔근[62534],학사,3/0/3,"월 13:00~14:30
수 13:00~14:30",기계공학부(102),0,view,,English
322,기계공학부,MC2103-01,동역학,필수,,교과,허필원[63766],학사,3/0/3,"월 09:00~10:30
수 09:00~10:30",기계공학부(114),0,view,,English
323,기계공학부,MC2202-01,공업수학 II,선택,,교과,알사드 아프잘[63815],학사,3/0/3,"월 10:30~12:00
수 10:30~12:00",기계공학부(114),0,view,,English
324,기계공학부,MC2205-01,고체역학 II,선택,,교과,알사드 아프잘[63815],학사,3/0/3,"월 14:30~16:00
수 14:30~16:00",기계공학부(101),0,view,,English
325,기계공학부,MC3107-01,기계공학실험Ⅱ,필수,,교과,"김진수[63230]
오현석[62555]",학사,1/4/3,화 13:00~18:00,,12,view,,English
326,기계공학부,MC3107-02,기계공학실험Ⅱ,필수,,교과,"김진수[63230]
오현석[62555]",학사,1/4/3,금 13:00~18:00,,12,view,,English
327,기계공학부,MC3202-01,진동학,선택,,교과,알사드 아프잘[63815],학사,3/0/3,"화 10:30~12:00
목 10:30~12:00",기계공학부(114),0,view,,English
328,기계공학부,MC3211-01,컴퓨터이용 설계 및 생산,선택,,교과,이용구[01175],학사,3/0/3,"월 16:00~17:30
수 16:00~17:30",기계공학부(228),0,view,,English
329,기계공학부,MC3213-01,기계요소설계,선택,,교과,이선규[64153],학사,3/0/3,"화 09:00~10:30
목 09:00~10:30",기계공학부(101),10,view,,English
330,기계공학부,MC3218-01,기계로봇을 위한 시스템 모델링 및 제어,선택,,교과,박기환[01074],학사,3/0/3,"월 14:30~16:00
수 14:30~16:00",기계공학부(228),0,view,,English
331,기계공학부,MC3219-01,기계로봇 자동제어,선택,,교과,김표진[64561],학사,3/0/3,"월 09:00~10:30
수 09:00~10:30",기계공학부(102),0,view,,English
332,기계공학부,MC4204-01,로봇공학,선택,,교과,윤정원[62811],학사,2/2/3,"화 09:00~10:30
화 13:00~14:30",,20,view,,English
333,기계공학부,MC4208-01,그래피컬 시스템 디자인 프로그래밍,선택,,교과,양성[30443],학사,2/2/3,"화 10:30~12:00
목 10:30~12:00",기계공학부(122),0,view,,English
334,기계공학부,MC4212-01,최적설계,선택,,교과,오현석[62555],학사,3/0/3,"화 09:00~10:30
목 09:00~10:30",,0,view,,English
335,기계공학부,MC4230-01,생체모방공학 개론,선택,,교과,정경렬[63813],학사,3/0/3,"화 14:30~16:00
목 14:30~16:00",기계공학부(228),0,view,,English
336,기계공학부,MC4231-01,유체역학 특론A - 압축성 유동,선택,,교과,최성임[63947],학사,3/0/3,"화 13:00~14:30
목 13:00~14:30",기계공학부(228),0,view,,English
337,기계공학부,MC4238-01,지능형 모터 융합 프로젝트,선택,,교과,허필원[63766],학사,2/2/3,금 13:00~17:00,기계공학부(228),0,view,,English
338,기계공학부,MC4239-01,대류열전달,선택,,교과,이승현[63255],학사,3/0/3,"월 09:00~10:30
수 09:00~10:30",기계공학부(228),30,view,,English
339,기계공학부,MC9102-01,학사논문연구 I,연구,,논문연구,,학사,0/0/3,,,0,view,,
340,기계공학부,MC9103-01,학사논문연구 II,연구,,논문연구,,학사,0/0/3,,,0,view,,
341,의생명공학 부전공,MD2101-01,의공학 입문,선택,,교과,"권혁상[60692]
김재관[61196]
이보름[60931]
정의헌[61184]",학사,3/0/3,"화 14:30~16:00
목 14:30~16:00",지스트대학A동(113),0,view,,English
342,의생명공학 부전공,MD4402-01,분자생물학의 실질적 이해 II,선택,,교과,조준[63362],학사,3/0/3,"월 13:00~14:30
수 13:00~14:30",다산빌딩(학제융합연구동)(112),25,view,,English
343,의생명공학 부전공,MD4403-01,노화생물학,선택,,교과,류동렬[64397],학사,3/0/3,월 09:00~12:00,다산빌딩(학제융합연구동)(301),20,view,,English
344,의생명공학 부전공,MD4503-01,의학 행동 과학,선택,,교과,김태[62452],학사,3/0/3,"화 14:30~16:30
목 14:30~16:30",다산빌딩(학제융합연구동)(301),20,view,,English
345,의생명공학 부전공,MD4505-01,내분비학개론,선택,,교과,오창명[63468],학사,3/0/3,"화 10:30~12:00
목 10:30~12:00",다산빌딩(학제융합연구동)(115),20,view,,English
346,수학부전공,MM2001-01,다변수해석학과 응용,필수,,교과,"강현석[61973]
유현주[61585]",학사,3/1/3,"화 10:30~12:00
목 10:30~12:00
목 17:30~18:30",,35,view,,English/Korean
347,수학부전공,MM2001-02,다변수해석학과 응용,필수,,교과,"강현석[61973]
유현주[61585]",학사,3/1/3,"화 13:00~14:30
목 13:00~14:30
목 18:30~19:30",,35,view,,English/Korean
348,수학부전공,MM2001-03,다변수해석학과 응용,필수,,교과,"김민기[64123]
유현주[61585]",학사,3/1/3,"화 13:00~14:30
수 17:30~18:30
목 13:00~14:30",,35,view,,English/Korean
349,수학부전공,MM2001-04,다변수해석학과 응용,필수,,교과,"김민기[64123]
유현주[61585]",학사,3/1/3,"화 14:30~16:00
수 18:30~19:30
목 14:30~16:00",,35,view,,English/Korean
350,수학부전공,MM2001-05,다변수해석학과 응용,필수,,교과,"송정민[61101]
유현주[61585]",학사,3/1/3,"월 17:30~18:30
화 10:30~12:00
목 10:30~12:00",,35,view,,English/Korean
351,수학부전공,MM2001-06,다변수해석학과 응용,필수,,교과,"유현주[61585]
최정옥[61376]",학사,3/1/3,"월 13:00~14:30
화 17:30~18:30
수 13:00~14:30",,35,view,,English/Korean
352,수학부전공,MM2002-01,미분방정식과 응용,필수,,교과,"송정민[61101]
유현주[61585]",학사,3/1/3,"월 09:00~10:30
월 18:30~19:30
수 09:00~10:30",,30,view,,English/Korean
353,수학부전공,MM2002-02,미분방정식과 응용,필수,,교과,"유현주[61585]
황치옥[60934]",학사,3/1/3,"월 10:30~12:00
화 18:30~19:30
수 10:30~12:00",,30,view,,English/Korean
354,수학부전공,MM2004-01,선형대수학과 응용,필수,,교과,"김재길[62813]
유현주[61585]",학사,3/1/3,"월 14:30~16:00
수 14:30~16:00
금 10:00~11:00",,30,view,,English/Korean
355,수학부전공,MM2004-02,선형대수학과 응용,필수,,교과,"김재길[62813]
유현주[61585]",학사,3/1/3,"월 13:00~14:30
수 13:00~14:30
금 11:00~12:00",,30,view,,English/Korean
356,수학부전공,MM2004-03,선형대수학과 응용,필수,,교과,"유현주[61585]
황치옥[60934]",학사,3/1/3,"월 09:00~10:30
수 09:00~10:30
금 13:00~14:00",,30,view,,English/Korean
357,수학부전공,MM3016-01,푸리에 해석학,선택,,교과,김홍종[63637],학사,3/0/3,"화 09:00~10:30
목 09:00~10:30",,30,view,,English/Korean
358,수학부전공,MM4005-01,과학계산 프로그래밍,선택,,교과,황치옥[60934],학사,3/0/3,"월 14:30~16:00
수 14:30~16:00",,30,view,,English/Korean
359,수학부전공,MM4006-01,정수론과 응용,선택,,교과,송정민[61101],학사,3/0/3,"월 14:30~16:00
수 14:30~16:00",,30,view,,English/Korean
360,수학부전공,MM4007-01,기하학 I,선택,,교과,강현석[61973],학사,3/0/3,"화 14:30~16:00
목 14:30~16:00",,30,view,,English/Korean
361,수학부전공,MM4009-01,그래프 이론,선택,,교과,최정옥[61376],학사,3/0/3,"월 10:30~12:00
수 10:30~12:00",,30,view,,English/Korean
362,인문학·사회과학 부전공,PP2616-01,장기 19세기 서양 역사,선택,,교과,김동혁[62921],학사,3/0/3,"월 09:00~10:30
수 09:00~10:30",,30,view,,Korean
363,인문학·사회과학 부전공,PP2724-01,거시경제학원론,선택,,교과,김상호[61574],학사,3/0/3,"월 10:30~12:00
수 10:30~12:00",,30,view,,English
364,인문학·사회과학 부전공,PP2763-01,현대법학의 이해,필수,,교과,김건우[61974],학사,3/0/3,"월 10:30~12:00
수 10:30~12:00",,25,view,,Korean
365,인문학·사회과학 부전공,PP2765-01,헌법과 국가,필수,,교과,김건우[61974],학사,3/0/3,"화 10:30~12:00
목 10:30~12:00",,20,view,,Korean
366,인문학·사회과학 부전공,PP2788-01,민주주의론,선택,,교과,김혜림[64283],학사,3/0/3,"화 14:30~16:00
목 14:30~16:00",,30,view,,Korean
367,인문학·사회과학 부전공,PP3767-01,(MOOC 지정) 인공지능 로봇의 윤리,선택,,교과,김건우[61974],학사,3/0/3,"월 09:00~10:30
수 09:00~10:30",,20,view,,Korean
368,인문학·사회과학 부전공,PP3831-01,과학기술학의 이해: 과학사회논쟁의 쟁점과 윤리,선택,,교과,하대청[62922],학사,3/0/3,"월 13:00~14:30
수 13:00~14:30",,25,view,,Korean
369,물리광과학과,PS2103-01,전자기학 및 연습Ⅱ,필수,,교과,방우석[62486],학사,3/1/3,"화 10:30~12:00
화 19:00~20:00
목 10:30~12:00",자연과학동(201),0,view,,English
370,물리광과학과,PS2202-01,고전역학 및 연습Ⅱ,선택,,교과,조병익[61575],학사,3/1/3,"화 14:30~16:00
수 19:00~20:00
목 14:30~16:00",자연과학동(202),0,view,,English
371,물리광과학과,PS3104-01,양자물리 및 연습 II,필수,,교과,양현석[63524],학사,3/1/3,"월 10:30~12:00
월 19:00~20:00
수 10:30~12:00",자연과학동(202),0,view,,English
372,물리광과학과,PS3105-01,열역학 및 통계물리,필수,,교과,김동희[61701],학사,3/0/3,"월 13:00~14:30
수 13:00~14:30",자연과학동(201),0,view,,English
373,물리광과학과,PS3106-01,물리실험 I,필수,,교과,"남창희[64167]
장지승[61523]",학사,1/4/3,화 13:00~18:00,,8,view,,English
374,물리광과학과,PS3106-02,물리실험 I,필수,,교과,"남창희[64167]
장지승[61523]",학사,1/4/3,금 13:00~18:00,,8,view,,
375,물리광과학과,PS3107-01,수리물리 I,필수,,교과,박찬용[62936],학사,3/0/3,"화 09:00~10:30
목 09:00~10:30",자연과학동(201),0,view,,English
376,물리광과학과,PS4209-01,일반 상대론 개론,선택,,교과,김근영[61666],학사,3/0/3,"화 14:30~16:00
목 14:30~16:00",자연과학동(111),0,view,,English/Korean
377,물리광과학과,PS4211-01,고급역학,선택,,교과,박찬용[62936],학사,3/0/3,"화 13:00~14:30
목 13:00~14:30",자연과학동(318),0,view,,English
378,물리광과학과,PS4214-01,고급 양자 물리,선택,,교과,양현석[63524],학사,3/0/3,"월 14:30~16:00
수 14:30~16:00",자연과학동(201),0,view,,English
379,물리광과학과,PS4218-01,양자정보물리학 입문,선택,,교과,이상윤[63523],학사,3/0/3,"화 10:30~12:00
목 10:30~12:00",자연과학동(318),0,view,,English
380,물리광과학과,PS4221-01,나노 및 초전도 물리 개론,선택,,교과,도용주[62331],학사,3/0/3,"월 16:00~17:30
목 16:00~17:30",자연과학동(201),0,view,,English
381,물리광과학과,PS9102-01,학사논문연구 I,연구,,논문연구,,학사,0/0/3,,,0,view,,
382,물리광과학과,PS9103-01,학사논문연구 II,연구,,논문연구,,학사,0/0/3,,,0,view,,
383,인문학·사회과학 부전공,SS3631-01,마음과 컴퓨터,선택,,교과,원치욱[62072],학사,3/0/3,"월 14:30~16:00
수 14:30~16:00",,20,view,,Korean
384,인문학·사회과학 부전공,SS3767-01,(MOOC 지정) 인공지능 로봇의 윤리,선택,,교과,김건우[61974],학사,3/0/3,"월 09:00~10:30
수 09:00~10:30",,20,view,,Korean
385,인문학·사회과학 부전공,SS3831-01,과학기술학의 이해: 과학사회논쟁의 쟁점과 윤리,선택,,교과,하대청[62922],학사,3/0/3,"월 13:00~14:30
수 13:00~14:30",,25,view,,Korean
386,인문학·사회과학 부전공,SS3839-01,질병과 사회,선택,,교과,하대청[62922],학사,3/0/3,"월 14:30~16:00
수 14:30~16:00",,12,view,,Korean
387,인문학·사회과학 부전공,SS4837-01,과학기술과 사회 연구 세미나,선택,,교과,하대청[62922],학사,3/0/3,"월 17:30~19:00
수 17:30~19:00",,15,view,,Korean
388,대학공통,UC0201-01,사회봉사,선택,,교과,김재관[61196],학사,0/2/1,금 10:00~11:30,,0,view,,Korean
389,대학공통,UC0202-01,창의함양,선택,,교과,고광희[60179],학사,0/2/1,토 09:00~10:00,,0,view,,Korean
390,대학공통,UC0203-01,해외봉사,선택,,교과,김재관[61196],학사,0/2/1,금 17:00~18:30,,0,view,,English
391,대학공통,UC0613-01,기업가정신,선택,,교과,,학사,3/0/3,수 13:00~16:00,,30,view,,Korean
392,대학공통,UC0623-01,고급융합캡스톤디자인,선택,,교과,장효양[64650],학사,1/6/3,화 13:00~16:00,창업센터 B동(508호),30,view,,Korean
393,대학공통,UC0624-01,4차 산업혁명 트렌드 분석,선택,,교과,장현준[63834],학사,3/0/3,화 09:00~12:00,,30,view,,Korean
394,대학공통,UC0901-01,과학기술과 경제,필수,,교과,황인성[64593],학사,1/0/1,화 16:00~17:30,오룡관(303호),200,view,,Korean
395,대학공통,UC0902-01,GIST 전공탐색,필수,,교과,이주형[61430],학사,1/0/1,목 16:00~17:30,,250,view,,English/Korean
396,대학공통,UC9331-01,GIST대학 콜로퀴움,연구,,세미나,이승현[63255],학사,1/0/0,목 16:00~17:30,지스트대학C동(104),200,view,,Korean